{"v":"5.5.7","fr":60,"ip":0,"op":120,"w":500,"h":500,"nm":"Untitled-3","ddd":0,"assets":[],"layers":[{"ddd":0,"ind":1,"ty":4,"nm":"Layer 2 Outlines","sr":1,"ks":{"o":{"a":0,"k":100,"ix":11},"r":{"a":1,"k":[{"i":{"x":[0.833],"y":[0.833]},"o":{"x":[0.167],"y":[0.167]},"t":0,"s":[0]},{"t":120,"s":[360]}],"ix":10},"p":{"a":0,"k":[249.5,245,0],"ix":2},"a":{"a":0,"k":[14.5,19,0],"ix":1},"s":{"a":0,"k":[100,100,100],"ix":6}},"ao":0,"shapes":[{"ty":"gr","it":[{"ind":0,"ty":"sh","ix":1,"ks":{"a":0,"k":{"i":[[0,-3.91],[7.5,0],[0,7.5],[-2.67,2.47],[0,0],[-1.431,-2.47],[0,0]],"o":[[0,7.5],[-7.5,0],[0,-3.92],[0,0],[1.43,-2.47],[0,0],[2.651,2.48]],"v":[[13.58,4.645],[0,18.225],[-13.58,4.645],[-9.25,-5.285],[-3.21,-15.755],[3.221,-15.755],[9.28,-5.265]],"c":true},"ix":2},"nm":"Path 1","mn":"ADBE Vector Shape - Group","hd":false},{"ty":"fl","c":{"a":0,"k":[1,1,1,1],"ix":4},"o":{"a":0,"k":100,"ix":5},"r":1,"bm":0,"nm":"Fill 1","mn":"ADBE Vector Graphic - Fill","hd":false},{"ty":"tr","p":{"a":0,"k":[14.47,18.855],"ix":2},"a":{"a":0,"k":[0,0],"ix":1},"s":{"a":0,"k":[100,100],"ix":3},"r":{"a":0,"k":0,"ix":6},"o":{"a":0,"k":100,"ix":7},"sk":{"a":0,"k":0,"ix":4},"sa":{"a":0,"k":0,"ix":5},"nm":"Transform"}],"nm":"Group 1","np":2,"cix":2,"bm":0,"ix":1,"mn":"ADBE Vector Group","hd":false}],"ip":0,"op":3000,"st":0,"bm":0},{"ddd":0,"ind":2,"ty":4,"nm":"Layer 3 Outlines","sr":1,"ks":{"o":{"a":0,"k":100,"ix":11},"r":{"a":0,"k":0,"ix":10},"p":{"a":0,"k":[249.5,296.5,0],"ix":2},"a":{"a":0,"k":[108.5,61.5,0],"ix":1},"s":{"a":0,"k":[100,100,100],"ix":6}},"ao":0,"shapes":[{"ty":"gr","it":[{"ind":0,"ty":"sh","ix":1,"ks":{"a":0,"k":{"i":[[0,-4.52],[59.46,0],[0,59.46],[-0.56,4.45],[0,0],[0,-3.48],[-45.67,0],[0,45.67],[0.43,3.43],[0,0]],"o":[[0,59.46],[-59.46,0],[0,-4.52],[0,0],[-0.43,3.43],[0,45.67],[45.67,0],[0,-3.48],[0,0],[0.56,4.45]],"v":[[107.83,-47.155],[0,60.675],[-107.83,-47.155],[-106.99,-60.675],[-82.19,-57.575],[-82.83,-47.155],[0,35.675],[82.83,-47.155],[82.19,-57.575],[106.99,-60.675]],"c":true},"ix":2},"nm":"Path 1","mn":"ADBE Vector Shape - Group","hd":false},{"ty":"fl","c":{"a":1,"k":[{"t":0,"s":[0.56862745098,0.56862745098,0.56862745098,1],"h":1},{"t":30,"s":[1,1,1,1],"h":1},{"t":99,"s":[0.568627476692,0.568627476692,0.568627476692,1],"h":1}],"ix":4},"o":{"a":0,"k":100,"ix":5},"r":1,"bm":0,"nm":"Fill 1","mn":"ADBE Vector Graphic - Fill","hd":false},{"ty":"tr","p":{"a":0,"k":[108.5,61.655],"ix":2},"a":{"a":0,"k":[0,0],"ix":1},"s":{"a":0,"k":[100,100],"ix":3},"r":{"a":0,"k":0,"ix":6},"o":{"a":0,"k":100,"ix":7},"sk":{"a":0,"k":0,"ix":4},"sa":{"a":0,"k":0,"ix":5},"nm":"Transform"}],"nm":"Group 1","np":2,"cix":2,"bm":0,"ix":1,"mn":"ADBE Vector Group","hd":false}],"ip":0,"op":3000,"st":0,"bm":0},{"ddd":0,"ind":3,"ty":4,"nm":"Layer 4 Outlines","sr":1,"ks":{"o":{"a":0,"k":100,"ix":11},"r":{"a":0,"k":0,"ix":10},"p":{"a":0,"k":[249.5,154.5,0],"ix":2},"a":{"a":0,"k":[14.5,13.5,0],"ix":1},"s":{"a":0,"k":[100,100,100],"ix":6}},"ao":0,"shapes":[{"ty":"gr","it":[{"ind":0,"ty":"sh","ix":1,"ks":{"a":0,"k":{"i":[[3.579,-0.469],[0,0],[-4.719,0],[0,0],[-4.636,-0.605],[0,0],[3.628,0],[0,0]],"o":[[0,0],[4.651,-0.61],[0,0],[4.704,0],[0,0],[-3.568,-0.466],[0,0],[-3.638,0]],"v":[[-10.857,12.853],[-14.106,-11.934],[0.016,-12.853],[0.029,-12.853],[14.106,-11.942],[10.872,12.848],[0.027,12.147],[0.018,12.147]],"c":true},"ix":2},"nm":"Path 1","mn":"ADBE Vector Shape - Group","hd":false},{"ty":"fl","c":{"a":1,"k":[{"t":0,"s":[1,1,1,1],"h":1},{"t":15,"s":[0.568627476692,0.568627476692,0.568627476692,1],"h":1}],"ix":4},"o":{"a":0,"k":100,"ix":5},"r":1,"bm":0,"nm":"Fill 1","mn":"ADBE Vector Graphic - Fill","hd":false},{"ty":"tr","p":{"a":0,"k":[14.473,13.52],"ix":2},"a":{"a":0,"k":[0,0],"ix":1},"s":{"a":0,"k":[100,100],"ix":3},"r":{"a":0,"k":0,"ix":6},"o":{"a":0,"k":100,"ix":7},"sk":{"a":0,"k":0,"ix":4},"sa":{"a":0,"k":0,"ix":5},"nm":"Transform"}],"nm":"Group 1","np":2,"cix":2,"bm":0,"ix":1,"mn":"ADBE Vector Group","hd":false}],"ip":0,"op":3000,"st":0,"bm":0},{"ddd":0,"ind":4,"ty":4,"nm":"Layer 5 Outlines","sr":1,"ks":{"o":{"a":0,"k":100,"ix":11},"r":{"a":0,"k":0,"ix":10},"p":{"a":0,"k":[298.5,167,0],"ix":2},"a":{"a":0,"k":[17.5,18,0],"ix":1},"s":{"a":0,"k":[100,100,100],"ix":6}},"ao":0,"shapes":[{"ty":"gr","it":[{"ind":0,"ty":"sh","ix":1,"ks":{"a":0,"k":{"i":[[0,0],[6.69,2.783],[0,0],[-7.498,-5.784]],"o":[[-5.76,-4.444],[0,0],[8.716,3.625],[0,0]],"v":[[1.746,16.987],[-17.017,6.096],[-7.417,-16.987],[17.017,-2.807]],"c":true},"ix":2},"nm":"Path 1","mn":"ADBE Vector Shape - Group","hd":false},{"ty":"fl","c":{"a":1,"k":[{"t":0,"s":[0.56862745098,0.56862745098,0.56862745098,1],"h":1},{"t":13,"s":[1,1,1,1],"h":1},{"t":22,"s":[0.568627476692,0.568627476692,0.568627476692,1],"h":1}],"ix":4},"o":{"a":0,"k":100,"ix":5},"r":1,"bm":0,"nm":"Fill 1","mn":"ADBE Vector Graphic - Fill","hd":false},{"ty":"tr","p":{"a":0,"k":[17.298,17.883],"ix":2},"a":{"a":0,"k":[0,0],"ix":1},"s":{"a":0,"k":[100,100],"ix":3},"r":{"a":0,"k":0,"ix":6},"o":{"a":0,"k":100,"ix":7},"sk":{"a":0,"k":0,"ix":4},"sa":{"a":0,"k":0,"ix":5},"nm":"Transform"}],"nm":"Group 1","np":2,"cix":2,"bm":0,"ix":1,"mn":"ADBE Vector Group","hd":false}],"ip":0,"op":3000,"st":0,"bm":0},{"ddd":0,"ind":5,"ty":4,"nm":"Layer 6 Outlines","sr":1,"ks":{"o":{"a":0,"k":100,"ix":11},"r":{"a":0,"k":0,"ix":10},"p":{"a":0,"k":[200.5,167,0],"ix":2},"a":{"a":0,"k":[17.5,18,0],"ix":1},"s":{"a":0,"k":[100,100,100],"ix":6}},"ao":0,"shapes":[{"ty":"gr","it":[{"ind":0,"ty":"sh","ix":1,"ks":{"a":0,"k":{"i":[[5.757,-4.445],[0,0],[-8.712,3.628],[0,0]],"o":[[0,0],[7.493,-5.786],[0,0],[-6.687,2.785]],"v":[[-1.737,16.987],[-17.016,-2.799],[7.405,-16.987],[17.016,6.091]],"c":true},"ix":2},"nm":"Path 1","mn":"ADBE Vector Shape - Group","hd":false},{"ty":"fl","c":{"a":1,"k":[{"t":0,"s":[0.56862745098,0.56862745098,0.56862745098,1],"h":1},{"t":108,"s":[1,1,1,1],"h":1},{"t":120,"s":[0.568627476692,0.568627476692,0.568627476692,1],"h":1}],"ix":4},"o":{"a":0,"k":100,"ix":5},"r":1,"bm":0,"nm":"Fill 1","mn":"ADBE Vector Graphic - Fill","hd":false},{"ty":"tr","p":{"a":0,"k":[17.665,17.903],"ix":2},"a":{"a":0,"k":[0,0],"ix":1},"s":{"a":0,"k":[100,100],"ix":3},"r":{"a":0,"k":0,"ix":6},"o":{"a":0,"k":100,"ix":7},"sk":{"a":0,"k":0,"ix":4},"sa":{"a":0,"k":0,"ix":5},"nm":"Transform"}],"nm":"Group 1","np":2,"cix":2,"bm":0,"ix":1,"mn":"ADBE Vector Group","hd":false}],"ip":0,"op":3000,"st":0,"bm":0},{"ddd":0,"ind":6,"ty":4,"nm":"Layer 7 Outlines","sr":1,"ks":{"o":{"a":0,"k":100,"ix":11},"r":{"a":0,"k":0,"ix":10},"p":{"a":0,"k":[332.5,201,0],"ix":2},"a":{"a":0,"k":[17.5,18,0],"ix":1},"s":{"a":0,"k":[100,100,100],"ix":6}},"ao":0,"shapes":[{"ty":"gr","it":[{"ind":0,"ty":"sh","ix":1,"ks":{"a":0,"k":{"i":[[0,0],[4.417,5.78],[0,0],[-3.583,-8.73]],"o":[[-2.75,-6.7],[0,0],[5.749,7.523],[0,0]],"v":[[-6.163,16.993],[-16.964,-1.815],[2.901,-16.993],[16.964,7.5]],"c":true},"ix":2},"nm":"Path 1","mn":"ADBE Vector Shape - Group","hd":false},{"ty":"fl","c":{"a":1,"k":[{"t":0,"s":[0.56862745098,0.56862745098,0.56862745098,1],"h":1},{"t":22,"s":[1,1,1,1],"h":1},{"t":28,"s":[0.568627476692,0.568627476692,0.568627476692,1],"h":1}],"ix":4},"o":{"a":0,"k":100,"ix":5},"r":1,"bm":0,"nm":"Fill 1","mn":"ADBE Vector Graphic - Fill","hd":false},{"ty":"tr","p":{"a":0,"k":[17.328,18.074],"ix":2},"a":{"a":0,"k":[0,0],"ix":1},"s":{"a":0,"k":[100,100],"ix":3},"r":{"a":0,"k":0,"ix":6},"o":{"a":0,"k":100,"ix":7},"sk":{"a":0,"k":0,"ix":4},"sa":{"a":0,"k":0,"ix":5},"nm":"Transform"}],"nm":"Group 1","np":2,"cix":2,"bm":0,"ix":1,"mn":"ADBE Vector Group","hd":false}],"ip":0,"op":3000,"st":0,"bm":0},{"ddd":0,"ind":7,"ty":4,"nm":"Layer 8 Outlines","sr":1,"ks":{"o":{"a":0,"k":100,"ix":11},"r":{"a":0,"k":0,"ix":10},"p":{"a":0,"k":[166.5,201,0],"ix":2},"a":{"a":0,"k":[17.5,18,0],"ix":1},"s":{"a":0,"k":[100,100,100],"ix":6}},"ao":0,"shapes":[{"ty":"gr","it":[{"ind":0,"ty":"sh","ix":1,"ks":{"a":0,"k":{"i":[[2.748,-6.704],[0,0],[-5.747,7.527],[0,0]],"o":[[0,0],[3.58,-8.735],[0,0],[-4.415,5.782]],"v":[[6.169,16.994],[-16.964,7.513],[-2.906,-16.994],[16.964,-1.823]],"c":true},"ix":2},"nm":"Path 1","mn":"ADBE Vector Shape - Group","hd":false},{"ty":"fl","c":{"a":1,"k":[{"t":0,"s":[0.568627476692,0.568627476692,0.568627476692,1],"h":1},{"t":99,"s":[1,1,1,1],"h":1},{"t":108,"s":[0.568627476692,0.568627476692,0.568627476692,1],"h":1}],"ix":4},"o":{"a":0,"k":100,"ix":5},"r":1,"bm":0,"nm":"Fill 1","mn":"ADBE Vector Graphic - Fill","hd":false},{"ty":"tr","p":{"a":0,"k":[17.651,18.111],"ix":2},"a":{"a":0,"k":[0,0],"ix":1},"s":{"a":0,"k":[100,100],"ix":3},"r":{"a":0,"k":0,"ix":6},"o":{"a":0,"k":100,"ix":7},"sk":{"a":0,"k":0,"ix":4},"sa":{"a":0,"k":0,"ix":5},"nm":"Transform"}],"nm":"Group 1","np":2,"cix":2,"bm":0,"ix":1,"mn":"ADBE Vector Group","hd":false}],"ip":0,"op":3000,"st":0,"bm":0}],"markers":[]}